Question,Question_Type,Answer
What is HTML and its role in web development?,Web Development,"HTML (Hypertext Markup Language) is the standard markup language used to create the structure of web pages. It consists of a set of elements that define the structure and content of a webpage, such as headings, paragraphs, links, and images. HTML provides the foundation upon which web content is built, forming the backbone of every webpage. HTML is a programming language primarily used for server-side scripting to handle dynamic content generation. HTML is a styling language used to enhance the appearance of web pages."
Explain the purpose of CSS and its importance in web development.,Web Development,"CSS (Cascading Style Sheets) is a style sheet language used to control the presentation and layout of HTML elements on a webpage. It allows web developers to define styles such as colors, fonts, spacing, and positioning, enabling them to create visually appealing and consistent designs across multiple web pages. CSS plays a crucial role in separating the structure (HTML) from the presentation (CSS) of a webpage, promoting maintainability and scalability in web development projects. CSS is primarily used for server-side scripting to handle dynamic content generation. CSS is responsible for server-client communication in web applications."
What is JavaScript and how does it enhance web development?,Web Development,"JavaScript is a high-level, interpreted programming language that adds interactivity and dynamic behavior to web pages. It enables developers to create responsive and interactive user interfaces by manipulating the HTML DOM (Document Object Model) dynamically, handling events, validating form inputs, and making asynchronous requests to the server. JavaScript is essential for building modern web applications that deliver a rich user experience and functionality comparable to desktop applications. JavaScript is primarily used for styling web pages to enhance user experience. JavaScript is a server-side language used for database management in web applications."
What is the purpose of the 'margin' and 'padding' properties in CSS?,Web Development,"The 'margin' property in CSS defines the space outside an element's border, creating space between adjacent elements. It controls the spacing between elements and their surroundings. The 'padding' property, on the other hand, defines the space between an element's content and its border, allowing developers to adjust the internal spacing within an element. 'Margin' refers to the space between elements, while 'padding' defines the space between an element's content and its border. 'Margin' is used to set the width of an element, while 'padding' defines the height of an element."
How do you include external JavaScript files in an HTML document?,Web Development,"To include external JavaScript files in an HTML document, you use the <script> tag with the 'src' attribute set to the URL of the JavaScript file. This allows the browser to fetch and execute the JavaScript code from an external source, enhancing code reusability and maintainability by separating the JavaScript logic from the HTML markup. By embedding JavaScript code directly within the <script> tag. By using the <link> tag to link to the JavaScript file."
Explain the purpose of the 'float' property in CSS and its implications.,Web Development,"The 'float' property in CSS is used to align elements horizontally within a container, allowing them to float left or right. It is commonly used for creating layouts where elements are positioned side by side, such as in navigation menus or image galleries. However, using 'float' can affect the document flow and may require additional CSS clearing techniques to prevent layout issues, making it important to understand its behavior and implications in web design. 'Float' is used to create animations in CSS to enhance user experience. 'Float' is a positioning property that determines the vertical alignment of elements on a web page."
What is an HTML form and how is it used to collect user input?,Web Development,"An HTML form is a section of a web page that contains interactive elements such as input fields, checkboxes, radio buttons, and buttons, allowing users to submit data to a server for processing. Forms play a critical role in collecting user input, such as user registration, login, contact forms, and search queries, enabling interaction between users and web applications. HTML forms are used to define the layout of a web page, including its structure and styling. HTML forms are used to store and retrieve data from a database in web applications."
How do you apply multiple CSS classes to an HTML element?,Web Development,"To apply multiple CSS classes to an HTML element, you use the 'class' attribute and specify the names of the classes separated by spaces. This allows you to combine styles from different classes and apply them to the same element, enabling greater flexibility and reusability in styling web pages. By using the 'class' attribute multiple times within the HTML element. By using the 'style' attribute with inline CSS styles."
Explain the purpose of the 'onmouseover' event in JavaScript and provide an example.,Web Development,"The 'onmouseover' event in JavaScript is triggered when the mouse pointer moves over an element, allowing developers to execute JavaScript code in response to this event. It is commonly used to create interactive features such as tooltips, image rollovers, and navigation menus that change appearance or behavior when the user hovers over them. The 'onmouseover' event in JavaScript is utilized to detect when the mouse cursor enters an element's area. This event can be used to trigger various actions, such as displaying additional information or changing the element's appearance. For example, you can use it to create a hover effect on a button that highlights when the user moves the mouse over it. In JavaScript, the 'onmouseover' event is employed to handle mouseover interactions with HTML elements. This event occurs when the mouse pointer moves onto an element, allowing developers to execute specific actions or functions. For instance, you can use the 'onmouseover' event to dynamically change the background color of a div when the user hovers over it."
How do you link an external CSS file to an HTML document?,Web Development,"To link an external CSS file to an HTML document you use the <link> tag within the <head> section of the HTML document. You specify the 'rel' attribute with the value "stylesheet" to indicate that the linked file is a stylesheet and the 'href' attribute with the URL of the CSS file. This allows the HTML document to apply the styles defined in the external CSS file facilitating separation of concerns and enhancing maintainability. By embedding CSS code directly within the <style> tag in the HTML document. By using the <script> tag with the 'src' attribute pointing to the URL of the external CSS file."
What is Java and its primary use in software development?,Java Programming,"Java is a high-level programming language known for its platform independence, making it suitable for developing cross-platform applications that can run on any device with a Java Virtual Machine (JVM). It is widely used for developing desktop, web, and mobile applications, as well as enterprise-level systems and embedded devices. Java is a server-side scripting language used for handling dynamic content generation and database management. Java is a markup language used for defining the structure and content of web pages."
Explain the concept of object-oriented programming (OOP) and its significance in Java.,Java Programming,"Object-oriented programming is a programming paradigm that organizes software design around objects and data, where each object represents a real-world entity and encapsulates data and behavior. In Java, OOP principles such as encapsulation, inheritance, polymorphism, and abstraction are fundamental concepts that enable developers to create modular, reusable, and maintainable code. Object-oriented programming is a design pattern used to create dynamic websites and web applications. Object-oriented programming is a scripting language used for server-side interactions in web development."
What is a class in Java and how is it used to model real-world entities?,Java Programming,"In Java, a class is a blueprint or template for creating objects that share common attributes and behavior. It defines the structure and behavior of objects by specifying fields (variables) and methods (functions). Classes in Java enable developers to model real-world entities as objects, encapsulating their properties and behavior for reusability and modularity. A class in Java is used to define the layout and styling of web pages. A class in Java is a server-side scripting language used for handling user interactions."
What is the difference between '==' and '.equals()' in Java for comparing objects?,Java Programming,"In Java, the '==' operator compares object references to determine if they refer to the same memory location, while the '.equals()' method compares the actual contents (values) of objects to check for equality. It is important to use '.equals()' when comparing objects for equality, especially when dealing with String objects, as '==' may not give the expected result. '==' and '.equals()' are used for defining the relationship between elements in a database. '==' and '.equals()' are used to define conditions in conditional statements in Java."
How do you declare and initialize an array in Java?,Java Programming,"In Java, you declare and initialize an array by specifying the array type, followed by square brackets '[]', the array name, and the values enclosed in curly braces '{}'. For example, 'int[] numbers = {1, 2, 3, 4, 5};' creates an integer array named 'numbers' with the specified values. By using the 'new' keyword followed by the array type and size, such as 'int[] numbers = new int[5];', and then assigning values to individual array elements using indexing. By declaring the array type and size, such as 'int[5] numbers;', and then initializing each array element separately using assignment statements."
What is the purpose of the 'public static void main(String[] args)' method in Java?,Java Programming,"The 'public static void main(String[] args)' method is the entry point of a Java program, serving as the starting point for execution. It is a special method that must be included in every Java application, where 'public' indicates its accessibility, 'static' allows it to be called without creating an instance of the class, 'void' specifies that it does not return any value, and 'String[] args' represents command-line arguments passed to the program. 'public static void main(String[] args)' is used for defining global variables in Java programs. 'public static void main(String[] args)' is a method used to define the layout and styling of web pages."
What is the 'this' keyword in Java and how is it used?,Java Programming,"In Java, the 'this' keyword refers to the current object instance within a class, allowing you to access its fields and methods. It is commonly used to disambiguate between instance variables and parameters with the same name, as well as to invoke constructors and methods of the current object. 'this' is a reserved keyword used for defining constructors in Java. 'this' is used to create animations in CSS to enhance user experience."
Explain the purpose of inheritance in Java and provide an example.,Java Programming,"Inheritance is a mechanism in Java that enables a class (subclass) to inherit properties and behavior from another class (superclass). It promotes code reuse and hierarchical organization by allowing subclasses to inherit fields and methods from their superclass, while also enabling them to override inherited methods or define their own. For example, a 'Vehicle' class may have subclasses like 'Car' and 'Motorcycle' that inherit common attributes and methods, such as 'speed' and 'accelerate', while also having their own unique characteristics. Inheritance is used to define the relationship between tables in a database schema. Inheritance is a design pattern used to create dynamic websites and web applications."
What is the purpose of the 'try-catch' block in Java and how is it used?,Java Programming,"The 'try-catch' block in Java is used to handle exceptions (runtime errors) that may occur during program execution. It allows developers to catch and handle exceptions gracefully, preventing program termination and providing error recovery mechanisms. The 'try' block contains the code that may throw an exception, while the 'catch' block catches and handles the exception by specifying the type of exception to catch and the corresponding error-handling code. 'try-catch' is a conditional statement used to define conditions in Java programs. 'try-catch' is a method used to define the layout and styling of web pages."
What is the purpose of the 'super' keyword in Java and how is it used?,Java Programming,"In Java, the 'super' keyword is used to refer to the immediate parent class of a subclass. It allows access to the superclass's members, including fields, methods, and constructors, facilitating code reuse and extending functionality. The 'super' keyword is commonly used to invoke superclass constructors, access superclass methods or fields, and differentiate between overridden and inherited members within a subclass. The 'super' keyword is employed to define the superclass in a class hierarchy in Java. 'super' is used to create animations in CSS to enhance user experience."
What is Python and why is it popular for programming?,Python Programming,"Python is a high-level, interpreted programming language known for its simplicity and readability. Its popularity stems from its versatility, extensive standard library, and large community support. Python is widely used for web development, data analysis, artificial intelligence, machine learning, automation, and scientific computing. Python is primarily used for server-side scripting to handle dynamic content generation and database management. Python is a markup language used for defining the structure and content of web pages."
Explain the significance of indentation in Python code.,Python Programming,"In Python, indentation is used to define block structure and scope, serving as the primary means of code organization and readability. Indentation is not just a stylistic choice but a syntactical requirement, as Python uses indentation to determine the beginning and end of code blocks, such as loops, conditionals, and function definitions. Indentation is used to define the layout and styling of web pages. Indentation is a design pattern used to create dynamic websites and web applications."
What is a variable in Python and how is it used?,Python Programming,"In Python, a variable is a symbolic name that refers to a value stored in memory. Variables are used to store and manipulate data within a program, such as numbers, strings, lists, or objects. Unlike some other programming languages, Python variables are dynamically typed, meaning their type is inferred at runtime based on the assigned value. A variable in Python is used to define the relationship between elements in a database. A variable in Python is used to define conditions in conditional statements in Python."
How do you define a function in Python?,Python Programming,"In Python, you define a function using the 'def' keyword followed by the function name, parentheses containing any parameters, and a colon to indicate the beginning of the function body. Within the function body, you write the code to be executed when the function is called. Functions in Python allow for code reuse, modularity, and abstraction, enhancing the readability and maintainability of the code. By using the 'new' keyword followed by the array type and size, such as 'int[] numbers = new int[5];', and then assigning values to individual array elements using indexing. By declaring the array type and size, such as 'int[5] numbers;', and then initializing each array element separately using assignment statements."
What is the purpose of the 'if' statement in Python and how is it used?,Python Programming,"The 'if' statement in Python is used to execute a block of code based on a condition. It allows you to control the flow of your program by evaluating a condition and executing the code within the 'if' block if the condition is true. Additionally, 'if' statements can be followed by 'elif' (else if) and 'else' clauses to handle multiple conditions and provide fallback behavior. 'if' statements are used to define the relationship between elements in a database. 'if' statements are used to define conditions in conditional statements in Python programs."
How do you iterate over elements in a list in Python?,Python Programming,"In Python, you can iterate over elements in a list using a 'for' loop. The 'for' loop iterates over each item in the list sequentially, allowing you to perform operations on each element. Alternatively, you can use list comprehension or built-in functions like 'map()' and 'filter()' to process list elements more efficiently. By using the 'while' loop with a counter variable to iterate over list elements. By defining conditions in conditional statements to iterate over list elements."
What is a dictionary in Python and how is it used?,Python Programming,"In Python, a dictionary is an unordered collection of key-value pairs, where each key is unique and maps to a corresponding value. Dictionaries are used to store and retrieve data in an associative manner, allowing for efficient lookup and manipulation of data. They are commonly used for tasks such as storing configurations, caching results, and representing structured data. A dictionary in Python is used to define the layout and styling of web pages. A dictionary in Python is used to create dynamic websites and web applications."
Explain the purpose of the 'elif' statement in Python and provide an example.,Python Programming,"The 'elif' statement in Python is short for 'else if' and is used to evaluate multiple conditions sequentially after the initial 'if' statement. It allows you to test additional conditions if the preceding 'if' condition evaluates to false. 'elif' statements are useful for handling multiple mutually exclusive cases in a program and providing alternative paths of execution. 'elif' statements are used to define the relationship between elements in a database. 'elif' statements are used to define conditions in conditional statements in Python."
What is a list comprehension in Python and how is it used?,Python Programming,"A list comprehension in Python is a concise way of creating lists using a single line of code. It combines the 'for' loop and conditional expressions to generate lists based on existing iterables, such as lists, tuples, or ranges. List comprehensions are commonly used for filtering, mapping, and transforming data, making code more readable and expressive. List comprehensions are used to define the layout and styling of web pages. List comprehensions are used to create dynamic websites and web applications."
Explain the purpose of the 'with' statement in Python and provide an example.,Python Programming,"The 'with' statement in Python is used to simplify resource management by ensuring that certain operations are properly handled within a context, such as file handling or database connections. It automatically manages the acquisition and release of resources, such as opening and closing files, in a safe and efficient manner, even in the presence of exceptions or errors. 'with' statements are used to define the relationship between elements in a database. 'with' statements are used to create animations in CSS to enhance user experience."
What is AIML and its role in artificial intelligence?,AIML,"AIML (Artificial Intelligence Markup Language) is an XML-based language used to create chatbots and virtual assistants by defining patterns and responses for user interactions. It serves as the backbone for building conversational agents that can understand and respond to natural language input, enabling human-like interactions in various applications."
Explain the concept of pattern matching in AIML and its significance in chatbot development.,AIML,"Pattern matching in AIML involves matching user input against predefined patterns or templates to identify the user's intent and generate appropriate responses. It allows chatbots to understand and respond to user queries by recognizing patterns in the input text, such as keywords, phrases, or regular expressions, and selecting the most relevant response based on the matched pattern. Pattern matching is crucial for creating conversational agents that can engage in meaningful conversations with users."
What are AIML categories and how are they used to define conversational rules?,AIML,"AIML categories are units of conversational rules that consist of a pattern and a template, defining the mapping between user input and chatbot responses. Each category represents a specific conversation pattern or topic, with the pattern specifying the user's input and the template containing the corresponding response generated by the chatbot. AIML categories are organized into sets or files, allowing developers to manage and extend the chatbot's knowledge base effectively."
What is the purpose of the 'star' wildcard in AIML patterns and how is it used?,AIML,"The 'star' wildcard in AIML patterns represents a placeholder for variable text within user input, allowing chatbots to capture and process dynamic information. It matches one or more words or phrases in the user's input and assigns them to a variable for use in generating responses. The 'star' wildcard enables chatbots to handle diverse user queries and provide personalized responses based on the extracted information."
How do you define a new AIML category for a chatbot response?,AIML,"To define a new AIML category, you use the <category> tag within an AIML file and specify the pattern and template elements. The pattern element contains the user's input pattern, including any wildcards or variables, while the template element contains the chatbot's response to be generated when the pattern is matched. By creating new categories, developers can expand the chatbot's knowledge base and improve its ability to understand and respond to user queries effectively."
What is the role of the AIML <learn> tag in chatbot development?,AIML,"The <learn> tag in AIML is used to teach the chatbot new knowledge or responses based on user interactions. It allows chatbots to dynamically update their knowledge base by learning from user input and incorporating new information into their conversational rules. The <learn> tag enables chatbots to adapt and improve over time, making them more intelligent and capable of handling a wider range of user queries."
How do you handle unknown user input in AIML chatbots?,AIML,"In AIML, unknown user input can be handled using a default or fallback category that matches any input not covered by existing patterns. This category serves as a catch-all for unrecognized queries and provides a generic response or prompts the user for clarification. Handling unknown input ensures that the chatbot can gracefully handle unexpected queries and maintain engagement with users, even in cases where it cannot generate a specific response."
Explain the purpose of the 'topic' element in AIML categories and how it is used to manage conversation flow.,AIML,"The 'topic' element in AIML categories is used to define the context or subject of a conversation, allowing chatbots to switch between different conversation topics dynamically. It provides a mechanism for organizing conversational rules based on specific topics or themes, enabling chatbots to maintain context and coherence in conversations. By assigning topics to categories, developers can control the flow of dialogue and ensure that chatbots respond appropriately based on the current conversation context."
What is the purpose of the 'pattern' element in AIML categories and how is it used to match user input?,AIML,"The 'pattern' element in AIML categories is used to define the input patterns or user utterances that trigger specific responses from chatbots. It allows developers to specify the words or phrases that chatbots should recognize and respond to, using pattern matching techniques such as wildcard characters, literals, and variables. The 'pattern' element plays a crucial role in determining which AIML category should be activated based on the user's input, enabling chatbots to understand and interpret natural language effectively."
Explain the purpose of the 'template' element in AIML categories and how it is used to generate responses.,AIML,"The 'template' element in AIML categories is used to define the response templates or output messages that chatbots generate in response to user input. It allows developers to specify the text or content that chatbots should produce when triggered by specific patterns or conditions. The 'template' element can include plain text, variables, conditionals, loops, and other AIML elements to generate dynamic and contextually relevant responses, providing chatbots with the ability to engage in meaningful conversations with users."
What is a firewall and how does it protect a network?,Cyber Security,"A firewall is a network security device that monitors and controls incoming and outgoing network traffic based on predetermined security rules. It acts as a barrier between a trusted internal network and untrusted external networks, such as the internet, to prevent unauthorized access, malicious attacks, and data breaches. Firewalls analyze packets of data passing through them and enforce security policies to allow or block traffic based on factors such as IP addresses, port numbers, and packet contents."
What is phishing and how can individuals protect themselves from phishing attacks?,Cyber Security,"Phishing is a cyberattack technique used by malicious actors to deceive individuals into disclosing sensitive information, such as login credentials, personal details, or financial data, by posing as legitimate entities in electronic communications, such as emails, messages, or websites. Phishing attacks often employ social engineering tactics to manipulate victims into clicking on malicious links, downloading malware, or providing confidential information. Individuals can protect themselves from phishing attacks by verifying the authenticity of communications, avoiding clicking on suspicious links or attachments, using strong and unique passwords, enabling multi-factor authentication, and staying vigilant for signs of phishing attempts."
What is encryption and how does it contribute to data security?,Cyber Security,"Encryption is a process of converting plaintext data into ciphertext using cryptographic algorithms and keys to secure it from unauthorized access or interception during transmission or storage. It involves scrambling the original data into an unreadable format that can only be decrypted back into its original form by authorized parties possessing the corresponding decryption key. Encryption protects data confidentiality, integrity, and privacy by making it unintelligible to unauthorized users or attackers, ensuring that sensitive information remains secure even if intercepted or compromised."
What is malware and what are some common types of malware?,Cyber Security,"Malware, short for malicious software, refers to any software program designed to infiltrate, damage, or disrupt computer systems, networks, or devices without the user's consent. Common types of malware include viruses, which infect and replicate within files or programs; worms, which spread across networks to infect multiple devices; Trojans, which masquerade as legitimate software to trick users into installing them; ransomware, which encrypts files and demands payment for decryption; spyware, which secretly monitors and gathers information about user activities; and adware, which displays unwanted advertisements."
What is a VPN (Virtual Private Network) and how does it enhance online privacy and security?,Cyber Security,"A VPN (Virtual Private Network) is a secure network connection that encrypts and tunnels internet traffic between a user's device and a remote server, providing anonymity, privacy, and security while browsing the internet. By creating a private and encrypted communication channel over a public network, such as the internet, VPNs prevent eavesdropping, surveillance, and interception of sensitive data by cybercriminals, hackers, or government agencies. VPNs also allow users to bypass geo-restrictions, censorship, and content filters, enabling access to restricted or blocked websites and services."
What are some best practices for creating strong passwords?,Cyber Security,"Some best practices for creating strong passwords include using a combination of uppercase and lowercase letters, numbers, and special characters to increase complexity and unpredictability; avoiding easily guessable or common words, phrases, or patterns; using longer passwords (at least 12 characters) to enhance security; avoiding reusing passwords across multiple accounts or services; and regularly updating passwords to prevent unauthorized access or compromise."
What is two-factor authentication (2FA) and how does it enhance account security?,Cyber Security,"Two-factor authentication (2FA) is a security mechanism that requires users to provide two different forms of identification or verification factors to access their accounts, providing an additional layer of security beyond traditional passwords. It typically combines something the user knows (e.g., a password or PIN) with something the user possesses (e.g., a smartphone or token) or something the user is (e.g., biometric data such as fingerprints or facial recognition). By requiring multiple factors for authentication, 2FA reduces the risk of unauthorized access, credential theft, and account compromise, enhancing overall account security."
What is a DDoS (Distributed Denial of Service) attack and how does it impact online services?,Cyber Security,"A DDoS (Distributed Denial of Service) attack is a malicious attempt to disrupt the normal functioning of a targeted server, service, or network by overwhelming it with a flood of illegitimate traffic from multiple sources. Attackers use botnets, networks of compromised devices, to generate large volumes of traffic and direct them towards the target, consuming its bandwidth, resources, or processing capacity. This results in the denial of service to legitimate users, causing websites to become slow, unresponsive, or inaccessible, disrupting business operations, causing financial losses, and tarnishing reputations."
What is encryption and how does it contribute to data security?,Cyber Security,"Encryption is a process of converting plaintext data into ciphertext using cryptographic algorithms and keys to secure it from unauthorized access or interception during transmission or storage. It involves scrambling the original data into an unreadable format that can only be decrypted back into its original form by authorized parties possessing the corresponding decryption key. Encryption protects data confidentiality, integrity, and privacy by making it unintelligible to unauthorized users or attackers, ensuring that sensitive information remains secure even if intercepted or compromised."
What are some common social engineering techniques used by cyber attackers?,Cyber Security,"Common social engineering techniques used by cyber attackers include phishing, where attackers impersonate trusted entities to deceive individuals into disclosing sensitive information; pretexting, where attackers create a fabricated scenario or pretext to manipulate victims into divulging information or performing actions; baiting, where attackers offer enticing incentives or rewards to entice victims into clicking on malicious links or downloading malware; tailgating, where attackers physically follow authorized individuals into restricted areas to gain unauthorized access; and quid pro quo, where attackers offer goods or services in exchange for sensitive information or access. Social engineering techniques are used to define conditions in conditional statements in Python. Social engineering techniques are a method used to define the layout and styling of web pages."
What is data science and how is it used in various industries?,Data Science,"Data science is an interdisciplinary field that combines techniques from statistics, mathematics, computer science, and domain expertise to extract insights and knowledge from data. It involves collecting, cleaning, analyzing, and interpreting large volumes of structured and unstructured data to uncover patterns, trends, and correlations that can inform decision-making and drive business outcomes. Data science is used in various industries, including finance, healthcare, retail, marketing, and telecommunications, to solve complex problems, optimize processes, improve efficiency, and gain competitive advantage."
What are the key steps in the data science process?,Data Science,"The key steps in the data science process include problem definition, data collection, data preprocessing, exploratory data analysis (EDA), feature engineering, model selection, model training, model evaluation, and deployment. These steps form a cyclical and iterative workflow that begins with defining the problem statement and ends with deploying the final model into production. Each step involves various techniques, tools, and methodologies to extract actionable insights from data and create predictive or prescriptive models that address specific business objectives or challenges."
What is the difference between structured and unstructured data?,Data Science,"Structured data refers to data that is organized in a predefined format with well-defined schema, such as tables, rows, and columns, making it easy to store, process, and analyze using traditional database management systems. Examples of structured data include numerical data, categorical data, and timestamps. In contrast, unstructured data refers to data that lacks a predefined schema or organization, making it more challenging to store, process, and analyze using traditional methods. Examples of unstructured data include text documents, images, videos, audio recordings, social media posts, and sensor data."
What is data preprocessing and why is it important in the data science workflow?,Data Science,"Data preprocessing is a critical step in the data science workflow that involves cleaning, transforming, and preparing raw data for analysis and modeling. It aims to address common data quality issues, such as missing values, outliers, duplicates, and inconsistencies, to ensure that data is accurate, complete, and suitable for analysis. Data preprocessing techniques include data cleaning, which involves handling missing values and outliers; data transformation, which involves scaling, encoding, and normalization; and feature engineering, which involves creating new features or variables from existing ones to improve model performance."
What is the difference between supervised and unsupervised learning in machine learning?,Data Science,"Supervised learning is a machine learning paradigm where the algorithm learns from labeled data, meaning that each training example is associated with a corresponding target variable or label that the algorithm aims to predict. Supervised learning tasks include classification, where the algorithm predicts discrete class labels, and regression, where the algorithm predicts continuous numerical values. In contrast, unsupervised learning is a machine learning paradigm where the algorithm learns from unlabeled data, meaning that training examples do not have associated labels. Unsupervised learning tasks include clustering, where the algorithm groups similar data points into clusters, and dimensionality reduction, where the algorithm reduces the number of features or variables in the data."
What is cross-validation and why is it important in machine learning model evaluation?,Data Science,"Cross-validation is a technique used to assess the performance and generalization ability of machine learning models by partitioning the available data into multiple subsets, called folds, and iteratively training and evaluating the model on different combinations of training and validation data. It helps to estimate how well a model will perform on unseen data and provides insights into its robustness and stability. Cross-validation is important in model evaluation because it reduces the risk of overfitting, where the model learns to memorize the training data rather than generalize to new data, and provides more reliable estimates of performance metrics, such as accuracy, precision, recall, and F1-score."
What are some common algorithms used in supervised learning?,Data Science,"Some common algorithms used in supervised learning include linear regression, logistic regression, decision trees, random forests, support vector machines (SVM), k-nearest neighbors (KNN), naive Bayes, and neural networks. These algorithms are used for various supervised learning tasks, such as regression, classification, and time series forecasting, depending on the nature of the problem and the type of data available. Each algorithm has its strengths, weaknesses, and assumptions, and the choice of algorithm depends on factors such as the size of the dataset, the dimensionality of the features, and the interpretability of the model."
What is the role of data preprocessing in the data science workflow?,Data Science,"Data preprocessing is a crucial step in the data science workflow that involves cleaning, transforming, and preparing raw data for analysis and modeling. It aims to address common data quality issues, such as missing values, outliers, duplicates, and inconsistencies, to ensure that data is accurate, complete, and suitable for analysis. Data preprocessing techniques include data cleaning, which involves handling missing values and outliers; data transformation, which involves scaling, encoding, and normalization; and feature engineering, which involves creating new features or variables from existing ones to improve model performance."
What is the difference between supervised and unsupervised learning in machine learning?,Data Science,"Supervised learning is a machine learning paradigm where the algorithm learns from labeled data, meaning that each training example is associated with a corresponding target variable or label that the algorithm aims to predict. Supervised learning tasks include classification, where the algorithm predicts discrete class labels, and regression, where the algorithm predicts continuous numerical values. In contrast, unsupervised learning is a machine learning paradigm where the algorithm learns from unlabeled data, meaning that training examples do not have associated labels. Unsupervised learning tasks include clustering, where the algorithm groups similar data points into clusters, and dimensionality reduction, where the algorithm reduces the number of features or variables in the data."
What is cross-validation and why is it important in machine learning model evaluation?,Data Science,"Cross-validation is a technique used to assess the performance and generalization ability of machine learning models by partitioning the available data into multiple subsets, called folds, and iteratively training and evaluating the model on different combinations of training and validation data. It helps to estimate how well a model will perform on unseen data and provides insights into its robustness and stability. Cross-validation is important in model evaluation because it reduces the risk of overfitting, where the model learns to memorize the training data rather than generalize to new data, and provides more reliable estimates of performance metrics, such as accuracy, precision, recall, and F1-score."
What is object-oriented programming (OOP) and how does it differ from procedural programming?,C++ Programming,"Object-oriented programming (OOP) is a programming paradigm that emphasizes objects and classes, allowing for modularity, encapsulation, and inheritance. It differs from procedural programming in its focus on data abstraction and object interactions."
What are classes and objects in C++ and how are they related?,C++ Programming,"Classes in C++ define the structure and behavior of objects, encapsulating data and functions. Objects are instances of these classes, representing specific entities in the program. They allow for modular and reusable code."
Explain the concept of inheritance in C++ and how it facilitates code reuse.,C++ Programming,"Inheritance in C++ allows a class to inherit properties and behaviors from another class, promoting code reuse and abstraction. Subclasses inherit member variables and functions from their base classes, facilitating hierarchical organization and specialization."
What is polymorphism in C++ and how is it achieved using function overloading?,C++ Programming,"Polymorphism in C++ allows objects to exhibit different behaviors based on their data types or class memberships. Function overloading is a mechanism for achieving polymorphism, where multiple functions with the same name but different parameter lists can coexist, providing versatility and flexibility in function usage."
What is encapsulation in C++ and why is it important in object-oriented programming?,C++ Programming,"Encapsulation in C++ is the bundling of data and functions within a class. It promotes data abstraction and modularity, enhancing code maintainability and reusability while ensuring data security."
Describe the purpose of constructors and destructors in C++ classes.,C++ Programming,"Constructors in C++ are special member functions used to initialize objects when they are created. They allocate resources and set initial values to object attributes. Destructors, on the other hand, are special member functions that are called when objects are destroyed, allowing for resource cleanup and deallocation."
What is the difference between stack and heap memory allocation in C++?,C++ Programming,"Stack and heap memory are two memory regions used for dynamic memory allocation in C++. Stack memory is typically used for storing local variables and function call frames, and it follows a last-in-first-out (LIFO) allocation mechanism. It is fast and has a limited size, determined at compile time. In contrast, heap memory is used for dynamic memory allocation, allowing for the allocation and deallocation of memory blocks of varying sizes during program execution. Heap memory is slower than stack memory and requires manual management by the programmer using functions like new and delete."
What is the purpose of the 'const' keyword in C++ and how is it used?,C++ Programming,"The 'const' keyword in C++ is used to declare constants or read-only variables that cannot be modified after initialization. It ensures that the value of a variable remains unchanged throughout the program execution, preventing accidental modification and enhancing code clarity and maintainability. 'const' can be applied to variables, function parameters, and member functions to indicate immutability and enforce data integrity."
What are pointers in C++ and how are they used to manipulate memory addresses?,C++ Programming,"Pointers in C++ are variables that store memory addresses, allowing direct access and manipulation of memory locations. They provide a powerful mechanism for dynamic memory allocation, memory management, and low-level programming tasks, such as data structures, arrays, and function pointers. By dereferencing pointers, programmers can access the values stored at specific memory addresses, enabling efficient memory operations and resource utilization. Pointers are commonly used in C++ for tasks such as dynamic memory allocation, pointer arithmetic, and function callbacks, facilitating flexible and efficient programming."
What is operator overloading in C++ and how does it allow for custom behavior of operators?,C++ Programming,"Operator overloading in C++ is a feature that allows programmers to redefine the behavior of operators for user-defined types or classes. It enables custom implementation of operators, such as addition (+), subtraction (-), multiplication (*), and division (/), to work with user-defined objects by providing specific behaviors or semantics. By overloading operators, programmers can extend the functionality of built-in operators to support custom data types, enabling more natural and intuitive syntax and enhancing code readability and expressiveness. Operator overloading is commonly used in C++ for tasks such as mathematical operations, string concatenation, and container manipulation, providing greater flexibility and abstraction."
What is the difference between 'int' and 'float' data types in C programming?,C Programming,"In C programming, 'int' is a data type used to store integer values, which are whole numbers without any fractional part. It typically occupies a fixed amount of memory, depending on the system architecture, and is suitable for representing discrete quantities, such as counts or indices. On the other hand, 'float' is a data type used to store floating-point values, which are numbers with fractional parts or in decimal notation. It typically occupies more memory than 'int' and is suitable for representing continuous quantities, such as measurements or calculations involving decimal points."
What is a 'for' loop in C programming and how is it used to iterate over a sequence of values?,C Programming,"A 'for' loop in C programming is a control flow statement that allows for repeated execution of a block of code a fixed number of times. It consists of three parts: initialization, condition, and increment/decrement. The initialization part is executed once at the beginning of the loop and is used to initialize loop control variables. The condition part is evaluated before each iteration, and if it evaluates to true, the loop body is executed. The increment/decrement part is executed after each iteration and is used to update loop control variables. 'for' loops are commonly used to iterate over a sequence of values, such as arrays, and perform operations on each element."
What is the purpose of the 'scanf()' function in C programming and how is it used to read input from the user?,C Programming,"The 'scanf()' function in C programming is used to read input from the standard input stream (usually the keyboard) and assign the values to variables specified by the format string. It allows for interactive input from the user during program execution. The 'scanf()' function takes a format string as its first argument, which specifies the data types and the number of variables to be read, followed by pointers to the variables where the input values will be stored. After reading the input, 'scanf()' returns the number of items successfully read and assigned, which can be used for error checking."
What is the difference between '++i' and 'i++' in C programming?,C Programming,"In C programming, '++i' is the pre-increment operator, which increments the value of 'i' before its current value is used in an expression. On the other hand, 'i++' is the post-increment operator, which increments the value of 'i' after its current value has been used in an expression. The difference between '++i' and 'i++' lies in their timing of incrementing 'i'. '++i' increments 'i' before using its value, while 'i++' increments 'i' after using its current value."
What is the purpose of the 'scanf' function in C programming?,C Programming,"The 'scanf' function in C programming is used to read input from the standard input stream (usually the keyboard) and store it into variables. It allows users to interactively input data during program execution, facilitating dynamic input handling in C programs."
Explain the difference between '==' and '=' operators in C programming.,C Programming,"In C programming, '==' is the equality operator, used to compare two values for equality. '=' is the assignment operator, used to assign a value to a variable. The '==' operator in C programming checks for equality between two values, while the '=' operator is used for assignment."
What is the purpose of the 'break' statement in C programming?,C Programming,"The 'break' statement in C programming is used to terminate the execution of a loop or switch statement prematurely. It allows programmers to exit the loop or switch statement based on certain conditions without executing the remaining iterations or cases."
What is the role of the 'sizeof' operator in C programming?,C Programming,"The 'sizeof' operator in C programming is used to determine the size of a data type or variable in bytes at compile time. It returns the size of the operand in bytes, allowing programmers to allocate memory dynamically, calculate array sizes, and optimize data storage."
What is the difference between 'while' and 'do-while' loops in C programming?,C Programming,"Both 'while' and 'do-while' loops are used for iteration in C programming, but they differ in their execution. In a 'while' loop, the loop condition is evaluated before the loop body is executed, so there is a possibility that the loop body may not execute at all if the condition is false initially. In contrast, in a 'do-while' loop, the loop body is executed at least once before the loop condition is evaluated, ensuring that the loop body executes at least once, regardless of the condition."
What is the purpose of the 'continue' statement in C programming?,C Programming,"The 'continue' statement in C programming is used to skip the current iteration of a loop and proceed to the next iteration. It allows programmers to bypass certain iterations based on specific conditions without terminating the entire loop, improving code readability and efficiency."

